event,total_return,CAGR,vol,sharpe,max_drawdown,win_rate,spy_cagr,alpha
2000 互联网泡沫,-0.5125789115132608,-0.2140141203938597,0.23213491410777196,-0.9207962676935104,-0.6493182899899608,0.48271276595744683,-0.14311421786401146,-0.07089990252984824
2003 恢复期,1.739862193434897,0.28688829698911134,0.20944520663665514,1.3095879438701434,-0.20199438206221443,0.5561072492552135,0.13683118331142774,0.1500571136776836
2007-09 金融危机,-0.40434974950896707,-0.29206363891530485,0.23506553306845088,-1.3504660994027982,-0.4901273570147293,0.49206349206349204,-0.3414975112604993,0.049433872345194474
2009 动量崩盘,0.315043288598408,0.3826676588761653,0.2173235851480403,1.6004122002160903,-0.09761735387417791,0.5539906103286385,0.7631625440209318,-0.3804948851447665
2010-11 欧债危机,0.1658970840693208,0.09123825187058099,0.23093084128202038,0.49398086890093384,-0.20757492484381923,0.5372460496613995,0.05817948015649166,0.03305877171408933
2015-16 中国增速放缓,0.12507126378552202,0.08195830663025894,0.19364162495254206,0.5038098768341366,-0.17998201754934506,0.5464190981432361,0.0341798500895083,0.047778456540750636
2018 末崩盘,-0.2210456248330902,-0.6318302658922571,0.25259778945232486,-3.8234000442267373,-0.2543732194808307,0.4444444444444444,-0.4486916558053605,-0.18313861008689658
2020 疫情闪崩,-0.037004330272505714,-0.1420917534843591,0.31345601515758376,-0.33310354139241305,-0.21924814154712446,0.532258064516129,-0.3439745956476259,0.2018828421632668
2022 通胀加息熊,0.013581457910296857,0.013635934558245966,0.21956874423035,0.1714021181291405,-0.14511681905429363,0.5258964143426295,-0.18713266393900863,0.2007685984972546
